{
  "project_info": {
    "project_number": "421450998662",
    "project_id": "workoutapp-44f23",
    "storage_bucket": "workoutapp-44f23.firebasestorage.app"
  },
  "client": [
    {
      "client_info": {
        "mobilesdk_app_id": "1:421450998662:android:bc024b810571642104c207",
        "android_client_info": {
          "package_name": "com.example.project_1"
        }
      },
      "oauth_client": [],
      "api_key": [
        {
          "current_key": "AIzaSyA_OkS610KwIUXNKBbifzG9zDbIFOQeSpM"
        }
      ],
      "services": {
        "appinvite_service": {
          "other_platform_oauth_client": []
        }
      }
    }
  ],
  "configuration_version": "1"
}